student_id,marks,attendance,quiz_score,assignment_completion,previous_marks,predicted_risk_level,risk_factors,granite_explanation,recommendation_1,recommendation_2,recommendation_3,monitoring_suggestion,ai_source,parse_success,parse_errors
STU241,44.0,81.0,49.3,71.7,54.6,Needs Attention,Low marks; Low quiz performance; Declining academic performance,"The student with ID STU241 is currently showing signs of needing academic attention due to a notable decline in their overall performance, marked by lower current marks compared to previous ones, subpar attendance rates, low quiz scores, and incomplete assignment submissions. These observable academic indicators suggest that the student may be struggling with course material or facing challenges that impede consistent engagement and success in their studies.","Offer targeted tutoring sessions focused on areas where the student has shown weakness, such as quizzes and assignments, to reinforce understanding and improve skills.","Implement regular check-ins with the student to discuss their progress, address any obstacles they might be encountering, and provide encouragement and motivation.",Encourage participation in study groups or peer mentoring programs to foster collaborative learning and enhance accountability among peers.,"A teacher or mentor could set up bi-weekly meetings with the student to review upcoming coursework, assess ongoing assignments, and track improvements in quiz scores and class participation, ensuring timely intervention if needed.",IBM Granite,True,[]
STU094,31.0,60.5,34.6,23.9,45.9,At Risk,Low marks; Low attendance; Low quiz performance; Low assignment completion; Declining academic performance,"The student exhibits several concerning academic indicators including significantly low current marks compared to previous performance, reduced attendance, poor quiz scores, minimal assignment completion, and a declining trend in overall academic achievement. These factors collectively suggest that the student is struggling with course material and may require additional support to improve their understanding and engagement.",Arrange a meeting with the student to discuss personalized tutoring options focused on reinforcing foundational concepts where they are experiencing difficulty.,Implement a structured study plan with clear weekly goals and regular check-ins to help the student regain momentum and track progress effectively.,Encourage participation in peer study groups or collaborative learning sessions to foster a more interactive and supportive academic environment.,"Schedule bi-weekly progress meetings with the student to review their assignments, quizzes, and attendance records, allowing for timely adjustments to the support strategies being employed.",IBM Granite,True,[]
STU410,78.0,98.1,63.7,70.7,70.7,On Track,,"While the student shows improvement in overall marks compared to previous semesters, their quiz scores remain lower than assignment completion rates, which could indicate challenges with test-taking strategies or time management during exams. Additionally, although attendance is high, there might be underlying factors affecting consistent performance across different assessment types that warrant closer observation.","Offer targeted study skills workshops focusing on exam preparation techniques such as practice tests, time management strategies, and stress reduction methods to help improve quiz performance.","Provide one-on-one tutoring sessions where the student can receive personalized feedback on assignments and quizzes, allowing them to understand areas needing improvement and develop effective learning habits.","Encourage participation in peer study groups or collaborative learning environments where the student can engage with classmates, share insights, and reinforce understanding through discussion and teamwork.","Regularly check in with the student after each major assessment to discuss performance trends, address any concerns promptly, and adjust support strategies accordingly. This proactive approach ensures ongoing engagement and helps maintain momentum towards achieving academic goals.",IBM Granite,True,[]
STU399,81.3,81.1,90.6,87.0,88.1,On Track,,"The student has shown a decline in overall marks from previous semesters, dropping by 6.8 points, which could indicate underlying challenges that warrant attention. Additionally, while quiz scores remain strong, there is room for improvement in assignment completion rates, suggesting potential difficulties with managing workload or understanding assignment requirements.","Offer targeted tutoring sessions focused on reinforcing concepts where the student experienced difficulty, ensuring comprehension aligns with course expectations.","Implement structured check-ins to discuss assignment strategies, providing guidance on time management and effective study techniques to improve completion rates.",Encourage participation in peer study groups or collaborative learning environments to foster engagement and enhance understanding through discussion.,"Regularly review the student's assignment submissions and quiz results to track improvements over time, adjusting support strategies as needed based on observed progress.",IBM Granite,True,[]
STU243,63.0,63.0,50.4,75.5,52.3,Needs Attention,Low attendance,"The student with ID STU243 has shown some improvement in their marks (+10.7), which is positive; however, their current attendance rate of 63% is concerning. Consistent attendance is crucial for academic success, and low attendance can hinder understanding and engagement with course material, potentially impacting overall performance negatively despite recent improvements.",Encourage the student to attend all classes regularly by discussing any barriers they might be facing that prevent consistent attendance and offering solutions such as flexible deadlines or recorded lectures.,"Provide additional resources or tutoring sessions focused on areas where the student struggles, particularly given their quiz score of 50.4, to help reinforce learning and improve confidence.","Set up regular check-ins with the student to discuss their progress, address any challenges they encounter, and offer guidance and encouragement to maintain motivation and focus.","A teacher or mentor could schedule bi-weekly meetings with the student to review their assignments, quizzes, and class participation, ensuring they stay on track academically while addressing any emerging issues promptly.",IBM Granite,True,[]
STU352,96.5,94.0,94.1,91.2,96.5,On Track,,"While the student currently demonstrates strong academic performance with high marks and positive trends, slight decreases in quiz scores and assignment completion rates suggest there might be emerging challenges that could benefit from early intervention. Maintaining consistent engagement across all assessment types is crucial for sustained success.",Encourage participation in study groups or peer tutoring sessions to reinforce understanding of course material and improve quiz performance.,Schedule regular check-ins with the instructor to discuss any difficulties encountered during assignments and explore strategies for improving time management and organization skills.,Recommend utilizing campus resources such as writing centers or academic workshops to enhance overall learning techniques and address any areas needing improvement.,"The teacher or mentor should periodically review the student’s quiz and assignment feedback to identify patterns or recurring issues, ensuring timely support and adjustments to their learning approach if necessary.",IBM Granite,True,[]
STU119,32.7,46.6,24.7,30.6,27.0,At Risk,Low marks; Low attendance; Low quiz performance; Low assignment completion,"The student's current academic indicators suggest areas of concern that warrant attention. With low overall marks, poor attendance, subpar quiz scores, and minimal assignment completion, there is clear evidence that the student may be struggling academically. These factors combined indicate a potential gap in understanding or engagement with course material.","Offer targeted tutoring sessions focused on key concepts where the student has shown difficulty, providing personalized assistance to improve comprehension and confidence.","Implement regular check-ins with the student to discuss their progress, challenges, and any barriers they might be facing, fostering open communication and support.",Encourage participation in study groups or peer mentoring programs to enhance collaborative learning opportunities and build a sense of community within the classroom.,"Set up bi-weekly meetings with the student to review their assignments, quizzes, and class participation, allowing for timely feedback and adjustments to their learning strategies as needed.",IBM Granite,True,[]
STU164,45.9,69.2,64.9,57.0,49.1,Needs Attention,Low marks; Low assignment completion,"The student with ID STU164 is currently showing signs that they may benefit from additional academic support. Their recent decline in marks (-3.2), coupled with low attendance (69.2%) and suboptimal quiz and assignment scores (64.9% and 57.0%, respectively), suggests potential challenges in keeping up with coursework and engaging fully in learning activities.",Arrange regular one-on-one meetings with the instructor or a tutor to discuss areas of difficulty and develop personalized study strategies tailored to their needs.,"Encourage participation in supplemental instruction sessions or peer study groups focused on key subjects where performance has declined, providing opportunities for collaborative learning and reinforcement.","Implement a structured check-in system with clear goals and milestones to track progress on assignments and quizzes, ensuring accountability and timely feedback.","A teacher or mentor could set up bi-weekly progress reviews with the student to assess ongoing performance trends, adjust support strategies as needed, and maintain open communication regarding any emerging concerns or successes.",IBM Granite,True,[]
STU118,42.5,36.1,37.5,44.1,35.9,At Risk,Low marks; Low attendance; Low quiz performance; Low assignment completion,"The student with ID STU118 is currently showing several concerning academic indicators that suggest they may benefit from additional academic support. Their overall current marks of 42.5 represent significant improvement over previous marks of 35.9; however, their low attendance rate of 36.1%, combined with poor quiz scores at 37.5% and low assignment completion rates at 44.1%, indicate ongoing challenges in engaging fully with course material and meeting academic expectations.","Arrange for regular one-on-one meetings with an academic advisor or tutor to discuss study strategies, time management techniques, and ways to improve engagement with coursework.","Implement a structured check-in system where the student receives weekly feedback on assignments and quizzes, allowing them to track progress and address misunderstandings promptly.","Encourage participation in peer study groups or supplemental instruction sessions tailored to the subject area, providing opportunities for collaborative learning and reinforcement of key concepts.","Set up bi-weekly progress reviews where you assess the student’s assignment submissions, quiz results, and class participation, adjusting support strategies as needed based on observed improvements or continued difficulties.",IBM Granite,True,[]
STU317,69.0,80.6,99.1,97.3,69.3,On Track,,"While the student's current marks have seen a slight decline of 0.3 points from their previous performance, it is important to consider that they maintain high quiz scores (99.1) and assignment completion rates (97.3%). The ML-predicted risk level indicates ""On Track,"" suggesting no immediate cause for concern regarding academic performance at this time.","Encourage the student to continue engaging with quizzes and assignments, which appear to be areas of strength, while exploring strategies to address any minor declines in overall course performance.","Offer additional resources such as study groups or tutoring sessions to reinforce understanding and application of course material, ensuring sustained engagement across all aspects of the curriculum.","Provide opportunities for regular check-ins with the instructor or academic advisor to discuss progress and set achievable goals, fostering a proactive approach to maintaining academic momentum.","Implement bi-weekly progress meetings where the student can reflect on their learning experiences, share challenges faced, and receive constructive feedback aimed at reinforcing positive academic habits and addressing any emerging concerns promptly.",IBM Granite,True,[]
STU316,76.1,100.0,79.2,85.7,87.5,On Track,Declining academic performance,"The student has shown a notable decline in their current marks compared to previous performance, which suggests they might be facing challenges that are impacting their academic success. Although attendance is excellent, the drop in quiz scores and assignment completion rates indicates potential difficulties with course material or study habits.","Offer targeted tutoring sessions focused on areas where the student is experiencing difficulty, such as concepts covered in recent quizzes and assignments.","Implement regular check-ins with the student to discuss progress, address any obstacles, and provide guidance on effective study strategies.",Encourage participation in peer study groups or collaborative learning environments to enhance understanding through discussion and shared problem-solving.,"A teacher or mentor could schedule bi-weekly meetings with the student to review upcoming coursework, assess comprehension of recent topics, and adjust support strategies as needed to maintain engagement and improve academic outcomes.",IBM Granite,True,[]
STU320,61.4,81.6,62.1,82.9,58.1,On Track,,"The student has shown improvement in their marks from previous assessments, which is positive. However, their current overall mark of 61.4% suggests they are still performing slightly below average expectations for passing grades. Additionally, while attendance at 81.6% is acceptable, it indicates occasional absences that could impact learning continuity if unaddressed.",Encourage participation in study groups or peer tutoring sessions focused on areas where quiz scores lag behind assignment completion rates.,Offer targeted feedback on assignments to help bridge gaps between understanding demonstrated in quizzes versus applied work.,"Schedule regular check-ins with the student to discuss progress, address any emerging challenges promptly, and reinforce motivation through goal-setting exercises.","Implement bi-weekly progress meetings to review upcoming assignments, assess comprehension of recent topics covered, and adjust support strategies as needed based on observed engagement levels during class activities.",IBM Granite,True,[]
STU405,88.4,95.6,72.3,91.7,88.0,On Track,,"While the student is currently performing well with high marks and good attendance, there has been a slight decline in quiz scores compared to previous assessments. This could indicate potential challenges in grasping new material or retaining knowledge over time. It’s important to address these areas proactively to maintain overall academic success.",Offer additional practice quizzes focused on recent topics covered in class to reinforce learning and improve retention.,Schedule regular check-ins with the student to discuss any difficulties they might be experiencing with current coursework and provide targeted feedback.,Encourage participation in study groups or peer tutoring sessions where the student can collaborate with classmates and strengthen their understanding of challenging concepts.,"The teacher should periodically review the student's quiz scores and assignment completion rates, looking for trends that may suggest ongoing struggles. Providing constructive feedback after each assessment will help track improvements and adjust support strategies as needed.",IBM Granite,True,[]
STU262,47.3,80.7,53.3,62.6,63.1,Needs Attention,Low marks; Declining academic performance,"The student with ID STU262 is showing signs of needing academic attention due to a significant decline in their current marks compared to previous ones (-15.8 points), along with low attendance at 80.7%. These observable indicators suggest that they may be struggling academically and could benefit from additional support to improve their performance.","Arrange for one-on-one tutoring sessions focused on areas where the student shows particular difficulty, such as quizzes and assignments, to help boost understanding and confidence.",Implement a structured study plan with clear goals and regular check-ins to encourage consistent effort and improvement over time.,Offer access to peer study groups or collaborative learning opportunities to foster engagement and provide additional perspectives on course material.,"Regularly review the student’s quiz scores and assignment completion rates every two weeks to track progress and adjust support strategies as needed, ensuring timely intervention if challenges persist.",IBM Granite,True,[]
STU099,22.0,61.4,34.4,23.4,61.3,At Risk,Low marks; Low attendance; Low quiz performance; Low assignment completion; Declining academic performance,"The student exhibits several concerning academic indicators, including a significant decline in overall performance (-39.3 points), low attendance (61.4%), poor quiz scores (34.4%), minimal assignment completion (23.4%), and consistently low marks across assessments. These factors collectively suggest that the student is struggling academically and may benefit from targeted intervention to address underlying issues affecting their learning process.","Arrange regular one-on-one meetings with an academic advisor to discuss study strategies, time management techniques, and any barriers impacting the student’s engagement.","Provide access to supplemental tutoring sessions focused on core subjects where the student shows particular difficulty, ensuring personalized instruction tailored to their needs.",Encourage participation in peer study groups or collaborative learning environments to foster motivation and accountability through shared goals.,"Implement bi-weekly check-ins with the student to review upcoming assignments, assess understanding of recent material, and adjust support strategies as needed, while maintaining open communication regarding their progress and challenges faced.",IBM Granite,True,[]
STU111,33.5,56.2,47.4,34.7,44.1,At Risk,Low marks; Low attendance; Low quiz performance; Low assignment completion; Declining academic performance,"The student with ID STU111 is currently exhibiting several concerning academic indicators that suggest they may benefit from targeted academic support. Their current marks have declined significantly compared to previous performance, their attendance rate is low, and both quiz scores and assignment completion rates are well below satisfactory levels. These factors combined indicate potential difficulties in keeping up with course material and maintaining consistent study habits.","Arrange regular one-on-one tutoring sessions focused on reinforcing key concepts covered in class, which could help address gaps in understanding and improve overall comprehension.","Implement a structured check-in system where the student meets weekly with a faculty advisor or mentor to discuss progress, set achievable goals, and receive guidance on time management strategies.","Offer additional opportunities for practice through supplementary assignments or online resources tailored to strengthen skills related to quizzes and assignments, thereby boosting confidence and competence in these areas.","To effectively track this student's academic progress, schedule bi-weekly meetings to review their latest assessment results and attendance records. This will allow for timely intervention if any of the identified issues persist or worsen, ensuring continuous support throughout the semester.",IBM Granite,True,[]
STU171,47.0,79.6,63.6,58.2,64.1,Needs Attention,Low marks; Low assignment completion; Declining academic performance,"The student exhibits several concerning academic indicators that suggest they may benefit from additional academic support. Their current marks have declined significantly compared to previous performance, their attendance is below optimal levels, and both quiz scores and assignment completion rates are low. These factors collectively point towards potential difficulties in keeping up with coursework and maintaining consistent study habits.","Arrange regular one-on-one tutoring sessions focused on reinforcing core concepts where the student has shown weaknesses, particularly in areas related to assignments and quizzes.","Implement a structured check-in system where the student meets weekly with a mentor or advisor to review upcoming deadlines, discuss challenges, and set achievable goals for improvement.",Encourage participation in peer study groups or collaborative learning environments to enhance engagement and provide additional perspectives on course material.,"A teacher or mentor should schedule bi-weekly progress reviews to track improvements in assignment completion and quiz scores, while also noting any changes in attendance patterns. This will help assess whether interventions are effective and adjust strategies as needed.",IBM Granite,True,[]
STU066,36.8,60.8,24.4,52.0,48.8,At Risk,Low marks; Low attendance; Low quiz performance; Low assignment completion; Declining academic performance,"The student is currently showing several concerning academic indicators including a significant decline in overall marks (-12.0), low attendance at 60.8%, poor quiz scores of 24.4, and suboptimal assignment completion rates of 52.0%. These factors combined suggest that the student may be struggling with course material, time management, or engagement, warranting targeted academic support.",Arrange a one-on-one meeting with the instructor to discuss personalized study strategies and address any conceptual gaps highlighted by recent assessments.,Encourage participation in peer tutoring sessions or supplemental instruction groups focused on core subjects where the student has shown weakness.,"Set up regular check-ins with an academic advisor to review progress, set achievable goals, and adjust support plans as needed throughout the term.","Implement bi-weekly progress updates between the student and their instructor to track improvements in quiz scores and assignment submissions, ensuring timely intervention if challenges persist.",IBM Granite,True,[]
STU335,91.2,97.7,75.6,96.1,95.5,On Track,,"The student has shown a slight decline in their overall marks from 95.5 to 91.2, which could indicate emerging challenges that warrant attention. While no immediate red flags have been identified through rule-based assessments, the drop in quiz scores suggests potential areas where additional support might be beneficial.",Offer targeted tutoring sessions focused on improving quiz-taking strategies and reinforcing key concepts covered in recent quizzes.,Schedule regular check-ins with the student to discuss any difficulties they may be experiencing and provide guidance on effective study techniques.,Encourage participation in peer study groups or collaborative learning activities to enhance understanding and retention of course material.,"Implement a system of periodic progress reviews, such as bi-weekly meetings, to track improvements in quiz scores and assignment completion rates, ensuring timely intervention if needed.",IBM Granite,True,[]
STU426,62.9,76.9,70.8,90.6,74.7,On Track,Declining academic performance,"The student has shown a notable decline in their marks from 74.7 to 62.9, indicating potential difficulties in keeping up with course material or maintaining previous levels of engagement. Additionally, while attendance is relatively good at 76.9%, there is still room for improvement to ensure consistent participation which could positively impact learning outcomes.",Arrange regular one-on-one meetings with the instructor to discuss areas of difficulty and develop targeted strategies for improvement.,Encourage participation in study groups or peer tutoring sessions to enhance understanding through collaborative learning.,"Offer access to additional resources such as supplementary readings, online tutorials, or workshops focused on key concepts where the student is struggling.","Implement bi-weekly check-ins with the student to review upcoming assignments, assess comprehension of recent topics, and adjust support strategies as needed based on ongoing feedback.",IBM Granite,True,[]
STU465,87.0,77.9,72.9,94.2,81.5,On Track,,[DEMO – Not IBM Granite] Student STU465 is currently performing well across academic indicators. Continued consistency and engagement will help maintain this positive academic trajectory.,Continue with the current study routine and aim to challenge learning in areas of strength.,Maintain high attendance and active participation in class activities and discussions.,Review previous quiz and assignment feedback to identify any areas for further improvement.,Continue periodic review every four to six weeks to ensure consistent academic performance is maintained.,DEMO – Not IBM Granite,True,['Unexpected error calling IBM Granite: [WinError 10054] An existing connection was forcibly closed by the remote host. DEMO response shown instead.']
STU064,44.0,54.1,26.0,47.8,47.5,At Risk,Low marks; Low attendance; Low quiz performance; Low assignment completion,[DEMO – Not IBM Granite] Student STU064 has been classified as 'At Risk' based on observable academic indicators: Low marks; Low attendance; Low quiz performance; Low assignment completion. Multiple areas of academic concern are present and early educator engagement is suggested to support the student's learning.,Work with the student to establish a structured weekly study plan that prioritises subjects with the lowest current marks.,Improve regular attendance and explore barriers to consistent class participation with the educator's support.,Complete outstanding assignments and use quiz results to identify specific topics that require additional review or practice.,"Review the student's attendance record, assignment submissions, and marks every two weeks and schedule brief check-in meetings with the student to track progress.",DEMO – Not IBM Granite,True,['Unexpected error calling IBM Granite: [Errno 11001] getaddrinfo failed. DEMO response shown instead.']
STU080,44.7,28.5,22.9,21.7,35.6,At Risk,Low marks; Low attendance; Low quiz performance; Low assignment completion,[DEMO – Not IBM Granite] Student STU080 has been classified as 'At Risk' based on observable academic indicators: Low marks; Low attendance; Low quiz performance; Low assignment completion. Multiple areas of academic concern are present and early educator engagement is suggested to support the student's learning.,Work with the student to establish a structured weekly study plan that prioritises subjects with the lowest current marks.,Improve regular attendance and explore barriers to consistent class participation with the educator's support.,Complete outstanding assignments and use quiz results to identify specific topics that require additional review or practice.,"Review the student's attendance record, assignment submissions, and marks every two weeks and schedule brief check-in meetings with the student to track progress.",DEMO – Not IBM Granite,True,['Unexpected error calling IBM Granite: [Errno 11001] getaddrinfo failed. DEMO response shown instead.']
STU441,66.8,96.5,91.4,95.4,61.2,On Track,,[DEMO – Not IBM Granite] Student STU441 is currently performing well across academic indicators. Continued consistency and engagement will help maintain this positive academic trajectory.,Continue with the current study routine and aim to challenge learning in areas of strength.,Maintain high attendance and active participation in class activities and discussions.,Review previous quiz and assignment feedback to identify any areas for further improvement.,Continue periodic review every four to six weeks to ensure consistent academic performance is maintained.,DEMO – Not IBM Granite,True,['Unexpected error calling IBM Granite: [Errno 11001] getaddrinfo failed. DEMO response shown instead.']
STU065,39.6,37.2,25.9,43.2,48.0,At Risk,Low marks; Low attendance; Low quiz performance; Low assignment completion; Declining academic performance,[DEMO – Not IBM Granite] Student STU065 has been classified as 'At Risk' based on observable academic indicators: Low marks; Low attendance; Low quiz performance; Low assignment completion; Declining academic performance. Multiple areas of academic concern are present and early educator engagement is suggested to support the student's learning.,Work with the student to establish a structured weekly study plan that prioritises subjects with the lowest current marks.,Improve regular attendance and explore barriers to consistent class participation with the educator's support.,Complete outstanding assignments and use quiz results to identify specific topics that require additional review or practice.,"Review the student's attendance record, assignment submissions, and marks every two weeks and schedule brief check-in meetings with the student to track progress.",DEMO – Not IBM Granite,True,['Unexpected error calling IBM Granite: [Errno 11001] getaddrinfo failed. DEMO response shown instead.']
STU033,29.1,51.1,21.0,51.5,37.5,At Risk,Low marks; Low attendance; Low quiz performance; Low assignment completion; Declining academic performance,[DEMO – Not IBM Granite] Student STU033 has been classified as 'At Risk' based on observable academic indicators: Low marks; Low attendance; Low quiz performance; Low assignment completion; Declining academic performance. Multiple areas of academic concern are present and early educator engagement is suggested to support the student's learning.,Work with the student to establish a structured weekly study plan that prioritises subjects with the lowest current marks.,Improve regular attendance and explore barriers to consistent class participation with the educator's support.,Complete outstanding assignments and use quiz results to identify specific topics that require additional review or practice.,"Review the student's attendance record, assignment submissions, and marks every two weeks and schedule brief check-in meetings with the student to track progress.",DEMO – Not IBM Granite,True,['Unexpected error calling IBM Granite: [Errno 11001] getaddrinfo failed. DEMO response shown instead.']
STU123,20.9,42.4,25.8,43.0,61.4,At Risk,Low marks; Low attendance; Low quiz performance; Low assignment completion; Declining academic performance,[DEMO – Not IBM Granite] Student STU123 has been classified as 'At Risk' based on observable academic indicators: Low marks; Low attendance; Low quiz performance; Low assignment completion; Declining academic performance. Multiple areas of academic concern are present and early educator engagement is suggested to support the student's learning.,Work with the student to establish a structured weekly study plan that prioritises subjects with the lowest current marks.,Improve regular attendance and explore barriers to consistent class participation with the educator's support.,Complete outstanding assignments and use quiz results to identify specific topics that require additional review or practice.,"Review the student's attendance record, assignment submissions, and marks every two weeks and schedule brief check-in meetings with the student to track progress.",DEMO – Not IBM Granite,True,['Unexpected error calling IBM Granite: [Errno 11001] getaddrinfo failed. DEMO response shown instead.']
STU382,68.8,82.5,61.3,72.0,77.8,On Track,Declining academic performance,[DEMO – Not IBM Granite] Student STU382 is currently performing well across academic indicators. Continued consistency and engagement will help maintain this positive academic trajectory.,Continue with the current study routine and aim to challenge learning in areas of strength.,Maintain high attendance and active participation in class activities and discussions.,Review previous quiz and assignment feedback to identify any areas for further improvement.,Continue periodic review every four to six weeks to ensure consistent academic performance is maintained.,DEMO – Not IBM Granite,True,['Unexpected error calling IBM Granite: [Errno 11001] getaddrinfo failed. DEMO response shown instead.']
STU342,92.8,90.9,68.0,75.6,100.0,On Track,,[DEMO – Not IBM Granite] Student STU342 is currently performing well across academic indicators. Continued consistency and engagement will help maintain this positive academic trajectory.,Continue with the current study routine and aim to challenge learning in areas of strength.,Maintain high attendance and active participation in class activities and discussions.,Review previous quiz and assignment feedback to identify any areas for further improvement.,Continue periodic review every four to six weeks to ensure consistent academic performance is maintained.,DEMO – Not IBM Granite,True,['Unexpected error calling IBM Granite: [Errno 11001] getaddrinfo failed. DEMO response shown instead.']
STU109,21.3,48.9,30.7,30.7,51.3,At Risk,Low marks; Low attendance; Low quiz performance; Low assignment completion; Declining academic performance,[DEMO – Not IBM Granite] Student STU109 has been classified as 'At Risk' based on observable academic indicators: Low marks; Low attendance; Low quiz performance; Low assignment completion; Declining academic performance. Multiple areas of academic concern are present and early educator engagement is suggested to support the student's learning.,Work with the student to establish a structured weekly study plan that prioritises subjects with the lowest current marks.,Improve regular attendance and explore barriers to consistent class participation with the educator's support.,Complete outstanding assignments and use quiz results to identify specific topics that require additional review or practice.,"Review the student's attendance record, assignment submissions, and marks every two weeks and schedule brief check-in meetings with the student to track progress.",DEMO – Not IBM Granite,True,['Unexpected error calling IBM Granite: [Errno 11001] getaddrinfo failed. DEMO response shown instead.']
STU226,44.9,70.3,51.1,56.2,68.5,Needs Attention,Low marks; Low assignment completion; Declining academic performance,[DEMO – Not IBM Granite] Student STU226 shows early signs of academic concern: Low marks; Low assignment completion; Declining academic performance. Targeted support in specific areas could help the student return to a stronger academic trajectory.,Focus revision sessions on topics linked to low quiz scores and aim to consolidate understanding before the next assessment.,Maintain consistent attendance to avoid missing key instructional content that contributes to assessment performance.,Prioritise timely submission of remaining assignments to strengthen the overall academic record.,"Check in with the student every three weeks to review marks, quiz performance, and assignment completion trends.",DEMO – Not IBM Granite,True,['Unexpected error calling IBM Granite: [Errno 11001] getaddrinfo failed. DEMO response shown instead.']
STU260,54.1,77.0,48.2,74.4,68.0,Needs Attention,Low quiz performance; Declining academic performance,[DEMO – Not IBM Granite] Student STU260 shows early signs of academic concern: Low quiz performance; Declining academic performance. Targeted support in specific areas could help the student return to a stronger academic trajectory.,Focus revision sessions on topics linked to low quiz scores and aim to consolidate understanding before the next assessment.,Maintain consistent attendance to avoid missing key instructional content that contributes to assessment performance.,Prioritise timely submission of remaining assignments to strengthen the overall academic record.,"Check in with the student every three weeks to review marks, quiz performance, and assignment completion trends.",DEMO – Not IBM Granite,True,['Unexpected error calling IBM Granite: [Errno 11001] getaddrinfo failed. DEMO response shown instead.']
STU467,63.0,87.2,88.7,86.7,61.9,On Track,,[DEMO – Not IBM Granite] Student STU467 is currently performing well across academic indicators. Continued consistency and engagement will help maintain this positive academic trajectory.,Continue with the current study routine and aim to challenge learning in areas of strength.,Maintain high attendance and active participation in class activities and discussions.,Review previous quiz and assignment feedback to identify any areas for further improvement.,Continue periodic review every four to six weeks to ensure consistent academic performance is maintained.,DEMO – Not IBM Granite,True,['Unexpected error calling IBM Granite: [Errno 11001] getaddrinfo failed. DEMO response shown instead.']
STU234,52.5,65.6,62.6,65.6,52.4,Needs Attention,,[DEMO – Not IBM Granite] Student STU234 shows early signs of academic concern: no significant academic risk indicators. Targeted support in specific areas could help the student return to a stronger academic trajectory.,Focus revision sessions on topics linked to low quiz scores and aim to consolidate understanding before the next assessment.,Maintain consistent attendance to avoid missing key instructional content that contributes to assessment performance.,Prioritise timely submission of remaining assignments to strengthen the overall academic record.,"Check in with the student every three weeks to review marks, quiz performance, and assignment completion trends.",DEMO – Not IBM Granite,True,['Unexpected error calling IBM Granite: [Errno 11001] getaddrinfo failed. DEMO response shown instead.']
STU024,48.4,43.4,34.5,36.3,46.0,At Risk,Low marks; Low attendance; Low quiz performance; Low assignment completion,[DEMO – Not IBM Granite] Student STU024 has been classified as 'At Risk' based on observable academic indicators: Low marks; Low attendance; Low quiz performance; Low assignment completion. Multiple areas of academic concern are present and early educator engagement is suggested to support the student's learning.,Work with the student to establish a structured weekly study plan that prioritises subjects with the lowest current marks.,Improve regular attendance and explore barriers to consistent class participation with the educator's support.,Complete outstanding assignments and use quiz results to identify specific topics that require additional review or practice.,"Review the student's attendance record, assignment submissions, and marks every two weeks and schedule brief check-in meetings with the student to track progress.",DEMO – Not IBM Granite,True,['Unexpected error calling IBM Granite: [Errno 11001] getaddrinfo failed. DEMO response shown instead.']
STU101,48.9,60.4,35.4,30.2,41.1,At Risk,Low marks; Low attendance; Low quiz performance; Low assignment completion,[DEMO – Not IBM Granite] Student STU101 has been classified as 'At Risk' based on observable academic indicators: Low marks; Low attendance; Low quiz performance; Low assignment completion. Multiple areas of academic concern are present and early educator engagement is suggested to support the student's learning.,Work with the student to establish a structured weekly study plan that prioritises subjects with the lowest current marks.,Improve regular attendance and explore barriers to consistent class participation with the educator's support.,Complete outstanding assignments and use quiz results to identify specific topics that require additional review or practice.,"Review the student's attendance record, assignment submissions, and marks every two weeks and schedule brief check-in meetings with the student to track progress.",DEMO – Not IBM Granite,True,['Unexpected error calling IBM Granite: [Errno 11001] getaddrinfo failed. DEMO response shown instead.']
STU132,62.1,75.2,62.0,55.2,61.9,Needs Attention,Low assignment completion,[DEMO – Not IBM Granite] Student STU132 shows early signs of academic concern: Low assignment completion. Targeted support in specific areas could help the student return to a stronger academic trajectory.,Focus revision sessions on topics linked to low quiz scores and aim to consolidate understanding before the next assessment.,Maintain consistent attendance to avoid missing key instructional content that contributes to assessment performance.,Prioritise timely submission of remaining assignments to strengthen the overall academic record.,"Check in with the student every three weeks to review marks, quiz performance, and assignment completion trends.",DEMO – Not IBM Granite,True,['Unexpected error calling IBM Granite: [Errno 11001] getaddrinfo failed. DEMO response shown instead.']
STU483,81.1,75.3,76.6,93.0,74.3,On Track,,[DEMO – Not IBM Granite] Student STU483 is currently performing well across academic indicators. Continued consistency and engagement will help maintain this positive academic trajectory.,Continue with the current study routine and aim to challenge learning in areas of strength.,Maintain high attendance and active participation in class activities and discussions.,Review previous quiz and assignment feedback to identify any areas for further improvement.,Continue periodic review every four to six weeks to ensure consistent academic performance is maintained.,DEMO – Not IBM Granite,True,['Unexpected error calling IBM Granite: [Errno 11001] getaddrinfo failed. DEMO response shown instead.']
STU353,69.9,88.8,82.9,88.3,80.3,On Track,Declining academic performance,[DEMO – Not IBM Granite] Student STU353 is currently performing well across academic indicators. Continued consistency and engagement will help maintain this positive academic trajectory.,Continue with the current study routine and aim to challenge learning in areas of strength.,Maintain high attendance and active participation in class activities and discussions.,Review previous quiz and assignment feedback to identify any areas for further improvement.,Continue periodic review every four to six weeks to ensure consistent academic performance is maintained.,DEMO – Not IBM Granite,True,['Unexpected error calling IBM Granite: [Errno 11001] getaddrinfo failed. DEMO response shown instead.']
STU371,91.5,75.3,80.8,99.9,100.0,On Track,Declining academic performance,[DEMO – Not IBM Granite] Student STU371 is currently performing well across academic indicators. Continued consistency and engagement will help maintain this positive academic trajectory.,Continue with the current study routine and aim to challenge learning in areas of strength.,Maintain high attendance and active participation in class activities and discussions.,Review previous quiz and assignment feedback to identify any areas for further improvement.,Continue periodic review every four to six weeks to ensure consistent academic performance is maintained.,DEMO – Not IBM Granite,True,['Unexpected error calling IBM Granite: [Errno 11001] getaddrinfo failed. DEMO response shown instead.']
STU182,48.4,76.1,59.8,67.2,71.6,Needs Attention,Low marks; Declining academic performance,[DEMO – Not IBM Granite] Student STU182 shows early signs of academic concern: Low marks; Declining academic performance. Targeted support in specific areas could help the student return to a stronger academic trajectory.,Focus revision sessions on topics linked to low quiz scores and aim to consolidate understanding before the next assessment.,Maintain consistent attendance to avoid missing key instructional content that contributes to assessment performance.,Prioritise timely submission of remaining assignments to strengthen the overall academic record.,"Check in with the student every three weeks to review marks, quiz performance, and assignment completion trends.",DEMO – Not IBM Granite,True,['Unexpected error calling IBM Granite: [Errno 11001] getaddrinfo failed. DEMO response shown instead.']
STU213,61.9,62.9,49.6,63.3,78.5,Needs Attention,Low attendance; Low quiz performance; Declining academic performance,[DEMO – Not IBM Granite] Student STU213 shows early signs of academic concern: Low attendance; Low quiz performance; Declining academic performance. Targeted support in specific areas could help the student return to a stronger academic trajectory.,Focus revision sessions on topics linked to low quiz scores and aim to consolidate understanding before the next assessment.,Maintain consistent attendance to avoid missing key instructional content that contributes to assessment performance.,Prioritise timely submission of remaining assignments to strengthen the overall academic record.,"Check in with the student every three weeks to review marks, quiz performance, and assignment completion trends.",DEMO – Not IBM Granite,True,['Unexpected error calling IBM Granite: [Errno 11001] getaddrinfo failed. DEMO response shown instead.']
STU464,87.7,91.3,67.4,96.8,92.3,On Track,,[DEMO – Not IBM Granite] Student STU464 is currently performing well across academic indicators. Continued consistency and engagement will help maintain this positive academic trajectory.,Continue with the current study routine and aim to challenge learning in areas of strength.,Maintain high attendance and active participation in class activities and discussions.,Review previous quiz and assignment feedback to identify any areas for further improvement.,Continue periodic review every four to six weeks to ensure consistent academic performance is maintained.,DEMO – Not IBM Granite,True,['Unexpected error calling IBM Granite: [Errno 11001] getaddrinfo failed. DEMO response shown instead.']
STU245,55.2,72.2,56.9,64.9,53.5,Needs Attention,,[DEMO – Not IBM Granite] Student STU245 shows early signs of academic concern: no significant academic risk indicators. Targeted support in specific areas could help the student return to a stronger academic trajectory.,Focus revision sessions on topics linked to low quiz scores and aim to consolidate understanding before the next assessment.,Maintain consistent attendance to avoid missing key instructional content that contributes to assessment performance.,Prioritise timely submission of remaining assignments to strengthen the overall academic record.,"Check in with the student every three weeks to review marks, quiz performance, and assignment completion trends.",DEMO – Not IBM Granite,True,['Unexpected error calling IBM Granite: [Errno 11001] getaddrinfo failed. DEMO response shown instead.']
STU434,95.3,84.2,66.1,77.5,88.3,On Track,,[DEMO – Not IBM Granite] Student STU434 is currently performing well across academic indicators. Continued consistency and engagement will help maintain this positive academic trajectory.,Continue with the current study routine and aim to challenge learning in areas of strength.,Maintain high attendance and active participation in class activities and discussions.,Review previous quiz and assignment feedback to identify any areas for further improvement.,Continue periodic review every four to six weeks to ensure consistent academic performance is maintained.,DEMO – Not IBM Granite,True,['Unexpected error calling IBM Granite: [Errno 11001] getaddrinfo failed. DEMO response shown instead.']
STU416,83.1,99.3,94.3,93.9,91.9,On Track,Declining academic performance,[DEMO – Not IBM Granite] Student STU416 is currently performing well across academic indicators. Continued consistency and engagement will help maintain this positive academic trajectory.,Continue with the current study routine and aim to challenge learning in areas of strength.,Maintain high attendance and active participation in class activities and discussions.,Review previous quiz and assignment feedback to identify any areas for further improvement.,Continue periodic review every four to six weeks to ensure consistent academic performance is maintained.,DEMO – Not IBM Granite,True,['Unexpected error calling IBM Granite: [Errno 11001] getaddrinfo failed. DEMO response shown instead.']
STU178,54.9,78.9,52.1,72.2,72.4,Needs Attention,Declining academic performance,[DEMO – Not IBM Granite] Student STU178 shows early signs of academic concern: Declining academic performance. Targeted support in specific areas could help the student return to a stronger academic trajectory.,Focus revision sessions on topics linked to low quiz scores and aim to consolidate understanding before the next assessment.,Maintain consistent attendance to avoid missing key instructional content that contributes to assessment performance.,Prioritise timely submission of remaining assignments to strengthen the overall academic record.,"Check in with the student every three weeks to review marks, quiz performance, and assignment completion trends.",DEMO – Not IBM Granite,True,['Unexpected error calling IBM Granite: [Errno 11001] getaddrinfo failed. DEMO response shown instead.']
STU367,63.8,86.1,88.5,85.7,74.5,On Track,Declining academic performance,[DEMO – Not IBM Granite] Student STU367 is currently performing well across academic indicators. Continued consistency and engagement will help maintain this positive academic trajectory.,Continue with the current study routine and aim to challenge learning in areas of strength.,Maintain high attendance and active participation in class activities and discussions.,Review previous quiz and assignment feedback to identify any areas for further improvement.,Continue periodic review every four to six weeks to ensure consistent academic performance is maintained.,DEMO – Not IBM Granite,True,['Unexpected error calling IBM Granite: [Errno 11001] getaddrinfo failed. DEMO response shown instead.']
STU290,57.2,80.9,58.8,54.8,61.3,Needs Attention,Low assignment completion,[DEMO – Not IBM Granite] Student STU290 shows early signs of academic concern: Low assignment completion. Targeted support in specific areas could help the student return to a stronger academic trajectory.,Focus revision sessions on topics linked to low quiz scores and aim to consolidate understanding before the next assessment.,Maintain consistent attendance to avoid missing key instructional content that contributes to assessment performance.,Prioritise timely submission of remaining assignments to strengthen the overall academic record.,"Check in with the student every three weeks to review marks, quiz performance, and assignment completion trends.",DEMO – Not IBM Granite,True,['Unexpected error calling IBM Granite: [Errno 11001] getaddrinfo failed. DEMO response shown instead.']
STU381,61.0,87.4,71.0,71.0,63.7,On Track,,[DEMO – Not IBM Granite] Student STU381 is currently performing well across academic indicators. Continued consistency and engagement will help maintain this positive academic trajectory.,Continue with the current study routine and aim to challenge learning in areas of strength.,Maintain high attendance and active participation in class activities and discussions.,Review previous quiz and assignment feedback to identify any areas for further improvement.,Continue periodic review every four to six weeks to ensure consistent academic performance is maintained.,DEMO – Not IBM Granite,True,['Unexpected error calling IBM Granite: [Errno 11001] getaddrinfo failed. DEMO response shown instead.']
